Tony_Blair/Tony_Blair_0048.jpg Tony_Blair/Tony_Blair_0110.jpg Alexander_Downer/Alexander_Downer_0004.jpg
Atal_Bihari_Vajpayee/Atal_Bihari_Vajpayee_0005.jpg Atal_Bihari_Vajpayee/Atal_Bihari_Vajpayee_0005.jpg Luiz_Inacio_Lula_da_Silva/Luiz_Inacio_Lula_da_Silva_0014.jpg
Mark_Hurlbert/Mark_Hurlbert_0001.jpg Mark_Hurlbert/Mark_Hurlbert_0001.jpg Bill_Clinton/Bill_Clinton_0003.jpg
Jolanta_Kwasniewski/Jolanta_Kwasniewski_0001.jpg Jolanta_Kwasniewski/Jolanta_Kwasniewski_0001.jpg Jalen_Rose/Jalen_Rose_0001.jpg
Juan_Carlos_Ferrero/Juan_Carlos_Ferrero_0001.jpg Juan_Carlos_Ferrero/Juan_Carlos_Ferrero_0009.jpg Atal_Bihari_Vajpayee/Atal_Bihari_Vajpayee_0022.jpg
Roberto_Robaina/Roberto_Robaina_0001.jpg Roberto_Robaina/Roberto_Robaina_0001.jpg Hun_Sen/Hun_Sen_0001.jpg
Annie_Machon/Annie_Machon_0001.jpg Annie_Machon/Annie_Machon_0001.jpg John_Snow/John_Snow_0006.jpg
Jose_Maria_Aznar/Jose_Maria_Aznar_0001.jpg Jose_Maria_Aznar/Jose_Maria_Aznar_0003.jpg Tina_Fey/Tina_Fey_0001.jpg
Donna_Brazile/Donna_Brazile_0001.jpg Donna_Brazile/Donna_Brazile_0001.jpg Rob_Lowe/Rob_Lowe_0001.jpg
Trent_Lott/Trent_Lott_0002.jpg Trent_Lott/Trent_Lott_0002.jpg Lleyton_Hewitt/Lleyton_Hewitt_0009.jpg
Brad_Johnson/Brad_Johnson_0002.jpg Brad_Johnson/Brad_Johnson_0002.jpg Edmund_Stoiber/Edmund_Stoiber_0001.jpg
Sheryl_Crow/Sheryl_Crow_0007.jpg Sheryl_Crow/Sheryl_Crow_0003.jpg Bill_McBride/Bill_McBride_0009.jpg
Kofi_Annan/Kofi_Annan_0008.jpg Kofi_Annan/Kofi_Annan_0008.jpg Jacques_Chirac/Jacques_Chirac_0023.jpg
Ray_Romano/Ray_Romano_0008.jpg Ray_Romano/Ray_Romano_0007.jpg Robert_Redford/Robert_Redford_0007.jpg
Manuel_Rosendo/Manuel_Rosendo_0001.jpg Manuel_Rosendo/Manuel_Rosendo_0001.jpg Angelina_Jolie/Angelina_Jolie_0003.jpg
Tony_Blair/Tony_Blair_0140.jpg Tony_Blair/Tony_Blair_0065.jpg Steve_Nash/Steve_Nash_0002.jpg
Elin_Nordegren/Elin_Nordegren_0002.jpg Elin_Nordegren/Elin_Nordegren_0002.jpg Dalai_Lama/Dalai_Lama_0002.jpg
Megawati_Sukarnoputri/Megawati_Sukarnoputri_0033.jpg Megawati_Sukarnoputri/Megawati_Sukarnoputri_0011.jpg Tom_Daschle/Tom_Daschle_0013.jpg
Vince_Gill/Vince_Gill_0001.jpg Vince_Gill/Vince_Gill_0001.jpg Albrecht_Mentz/Albrecht_Mentz_0002.jpg
Jonathan_Fine/Jonathan_Fine_0001.jpg Jonathan_Fine/Jonathan_Fine_0001.jpg Tyler_Hamilton/Tyler_Hamilton_0002.jpg
Jim_Edmonds/Jim_Edmonds_0002.jpg Jim_Edmonds/Jim_Edmonds_0002.jpg Brad_Russ/Brad_Russ_0001.jpg
Martha_Burk/Martha_Burk_0001.jpg Martha_Burk/Martha_Burk_0004.jpg George_Clooney/George_Clooney_0007.jpg
Li_Zhaoxing/Li_Zhaoxing_0005.jpg Li_Zhaoxing/Li_Zhaoxing_0003.jpg Tony_Bennett/Tony_Bennett_0001.jpg
Elin_Nordegren/Elin_Nordegren_0002.jpg Elin_Nordegren/Elin_Nordegren_0002.jpg Elvis_Presley/Elvis_Presley_0002.jpg
Junichiro_Koizumi/Junichiro_Koizumi_0052.jpg Junichiro_Koizumi/Junichiro_Koizumi_0052.jpg Bill_Gates/Bill_Gates_0009.jpg
Tom_Daschle/Tom_Daschle_0013.jpg Tom_Daschle/Tom_Daschle_0013.jpg Chin-Hui_Tsao/Chin-Hui_Tsao_0001.jpg
Gene_Hackman/Gene_Hackman_0001.jpg Gene_Hackman/Gene_Hackman_0001.jpg Eileen_Spina/Eileen_Spina_0001.jpg
Matt_Doherty/Matt_Doherty_0002.jpg Matt_Doherty/Matt_Doherty_0002.jpg George_Lopez/George_Lopez_0004.jpg
Gil_Cates/Gil_Cates_0001.jpg Gil_Cates/Gil_Cates_0001.jpg Julie_Gerberding/Julie_Gerberding_0014.jpg
John_Stockton/John_Stockton_0003.jpg John_Stockton/John_Stockton_0003.jpg Hugo_Chavez/Hugo_Chavez_0056.jpg
Amer_al-Saadi/Amer_al-Saadi_0003.jpg Amer_al-Saadi/Amer_al-Saadi_0003.jpg Lleyton_Hewitt/Lleyton_Hewitt_0013.jpg
Stephen_Swindal/Stephen_Swindal_0001.jpg Stephen_Swindal/Stephen_Swindal_0001.jpg Steffi_Graf/Steffi_Graf_0003.jpg
Gerhard_Schroeder/Gerhard_Schroeder_0003.jpg Gerhard_Schroeder/Gerhard_Schroeder_0087.jpg Bill_OReilly/Bill_OReilly_0001.jpg
Mickey_Sherman/Mickey_Sherman_0001.jpg Mickey_Sherman/Mickey_Sherman_0001.jpg Heizo_Takenaka/Heizo_Takenaka_0004.jpg
Franco_Cangele/Franco_Cangele_0001.jpg Franco_Cangele/Franco_Cangele_0001.jpg Ariel_Sharon/Ariel_Sharon_0011.jpg
Heidi_Klum/Heidi_Klum_0004.jpg Heidi_Klum/Heidi_Klum_0004.jpg Suh_Young-hoon/Suh_Young-hoon_0001.jpg
Donald_Rumsfeld/Donald_Rumsfeld_0021.jpg Donald_Rumsfeld/Donald_Rumsfeld_0089.jpg Prince_Willem-Alexander/Prince_Willem-Alexander_0003.jpg
George_W_Bush/George_W_Bush_0184.jpg George_W_Bush/George_W_Bush_0248.jpg Justine_Pasek/Justine_Pasek_0001.jpg
Norah_Jones/Norah_Jones_0015.jpg Norah_Jones/Norah_Jones_0002.jpg Judy_Locy/Judy_Locy_0001.jpg
Alejandro_Toledo/Alejandro_Toledo_0019.jpg Alejandro_Toledo/Alejandro_Toledo_0008.jpg Luis_Ernesto_Derbez_Bautista/Luis_Ernesto_Derbez_Bautista_0002.jpg
Edmund_Stoiber/Edmund_Stoiber_0010.jpg Edmund_Stoiber/Edmund_Stoiber_0012.jpg George_W_Bush/George_W_Bush_0250.jpg
Valery_Giscard_dEstaing/Valery_Giscard_dEstaing_0002.jpg Valery_Giscard_dEstaing/Valery_Giscard_dEstaing_0002.jpg Richard_Myers/Richard_Myers_0017.jpg
John_Negroponte/John_Negroponte_0015.jpg John_Negroponte/John_Negroponte_0015.jpg Pete_Carroll/Pete_Carroll_0003.jpg
Islam_Karimov/Islam_Karimov_0001.jpg Islam_Karimov/Islam_Karimov_0001.jpg John_Ashcroft/John_Ashcroft_0031.jpg
George_W_Bush/George_W_Bush_0172.jpg George_W_Bush/George_W_Bush_0459.jpg Jesse_Jackson/Jesse_Jackson_0001.jpg
Andre_Agassi/Andre_Agassi_0011.jpg Andre_Agassi/Andre_Agassi_0011.jpg Katherine_Harris/Katherine_Harris_0001.jpg
Imre_Kertasz/Imre_Kertasz_0001.jpg Imre_Kertasz/Imre_Kertasz_0001.jpg John_Taylor/John_Taylor_0002.jpg
Colin_Powell/Colin_Powell_0057.jpg Colin_Powell/Colin_Powell_0107.jpg Stacey_Yamaguchi/Stacey_Yamaguchi_0001.jpg
Elijah_Wood/Elijah_Wood_0003.jpg Elijah_Wood/Elijah_Wood_0002.jpg Chris_Andrews/Chris_Andrews_0001.jpg
Chen_Liang_Yu/Chen_Liang_Yu_0002.jpg Chen_Liang_Yu/Chen_Liang_Yu_0002.jpg Yoko_Ono/Yoko_Ono_0002.jpg
George_HW_Bush/George_HW_Bush_0005.jpg George_HW_Bush/George_HW_Bush_0005.jpg George_W_Bush/George_W_Bush_0342.jpg
Steffi_Graf/Steffi_Graf_0001.jpg Steffi_Graf/Steffi_Graf_0003.jpg King_Abdullah_II/King_Abdullah_II_0003.jpg
Joe_Lieberman/Joe_Lieberman_0002.jpg Joe_Lieberman/Joe_Lieberman_0007.jpg Colin_Powell/Colin_Powell_0178.jpg
Dinora_Rosales/Dinora_Rosales_0001.jpg Dinora_Rosales/Dinora_Rosales_0001.jpg Benazir_Bhutto/Benazir_Bhutto_0005.jpg
Justin_Guarini/Justin_Guarini_0001.jpg Justin_Guarini/Justin_Guarini_0001.jpg William_Bulger/William_Bulger_0001.jpg
Elvis_Presley/Elvis_Presley_0002.jpg Elvis_Presley/Elvis_Presley_0002.jpg John_F_Kennedy_Jr/John_F_Kennedy_Jr_0002.jpg
Juliette_Binoche/Juliette_Binoche_0001.jpg Juliette_Binoche/Juliette_Binoche_0001.jpg George_W_Bush/George_W_Bush_0206.jpg
Peter_Bacanovic/Peter_Bacanovic_0001.jpg Peter_Bacanovic/Peter_Bacanovic_0001.jpg John_Madden/John_Madden_0001.jpg
Don_Hewitt/Don_Hewitt_0001.jpg Don_Hewitt/Don_Hewitt_0001.jpg Steven_Seagal/Steven_Seagal_0002.jpg
Robert_Horan/Robert_Horan_0002.jpg Robert_Horan/Robert_Horan_0002.jpg Ariel_Sharon/Ariel_Sharon_0037.jpg
Chris_Byrd/Chris_Byrd_0002.jpg Chris_Byrd/Chris_Byrd_0002.jpg Carlton_Dotson/Carlton_Dotson_0001.jpg
George_W_Bush/George_W_Bush_0123.jpg George_W_Bush/George_W_Bush_0317.jpg John_McKay/John_McKay_0001.jpg
Charles_Moose/Charles_Moose_0005.jpg Charles_Moose/Charles_Moose_0001.jpg Vicente_Fox/Vicente_Fox_0021.jpg
Derek_Lowe/Derek_Lowe_0001.jpg Derek_Lowe/Derek_Lowe_0002.jpg Colin_Powell/Colin_Powell_0130.jpg
Sam_Mendes/Sam_Mendes_0002.jpg Sam_Mendes/Sam_Mendes_0002.jpg Madonna/Madonna_0001.jpg
Kim_Chinn/Kim_Chinn_0001.jpg Kim_Chinn/Kim_Chinn_0001.jpg Richard_Krajicek/Richard_Krajicek_0002.jpg
Jose_Carreras/Jose_Carreras_0001.jpg Jose_Carreras/Jose_Carreras_0001.jpg Howard_Dean/Howard_Dean_0003.jpg
Hugo_Chavez/Hugo_Chavez_0047.jpg Hugo_Chavez/Hugo_Chavez_0043.jpg Nona_Gaye/Nona_Gaye_0001.jpg
Paul_Gascoigne/Paul_Gascoigne_0001.jpg Paul_Gascoigne/Paul_Gascoigne_0001.jpg Donald_Rumsfeld/Donald_Rumsfeld_0049.jpg
Vicente_Fox/Vicente_Fox_0015.jpg Vicente_Fox/Vicente_Fox_0015.jpg Julio_Rossi/Julio_Rossi_0001.jpg
David_Caruso/David_Caruso_0002.jpg David_Caruso/David_Caruso_0001.jpg Richard_Levin/Richard_Levin_0001.jpg
Paul_ONeill/Paul_ONeill_0004.jpg Paul_ONeill/Paul_ONeill_0009.jpg Hugo_Chavez/Hugo_Chavez_0052.jpg
Penelope_Cruz/Penelope_Cruz_0002.jpg Penelope_Cruz/Penelope_Cruz_0002.jpg Luis_Figo/Luis_Figo_0001.jpg
Brajesh_Mishra/Brajesh_Mishra_0001.jpg Brajesh_Mishra/Brajesh_Mishra_0001.jpg Billy_Graham/Billy_Graham_0001.jpg
Jude_Law/Jude_Law_0002.jpg Jude_Law/Jude_Law_0002.jpg Michael_Kors/Michael_Kors_0001.jpg
Roy_Moore/Roy_Moore_0005.jpg Roy_Moore/Roy_Moore_0005.jpg Tony_Blair/Tony_Blair_0105.jpg
Hu_Jintao/Hu_Jintao_0014.jpg Hu_Jintao/Hu_Jintao_0014.jpg Michael_Bloomberg/Michael_Bloomberg_0017.jpg
Susilo_Bambang_Yudhoyono/Susilo_Bambang_Yudhoyono_0004.jpg Susilo_Bambang_Yudhoyono/Susilo_Bambang_Yudhoyono_0004.jpg Eric_Hinske/Eric_Hinske_0002.jpg
Jennifer_Capriati/Jennifer_Capriati_0030.jpg Jennifer_Capriati/Jennifer_Capriati_0020.jpg George_HW_Bush/George_HW_Bush_0005.jpg
Judy_Locy/Judy_Locy_0001.jpg Judy_Locy/Judy_Locy_0001.jpg Fidel_Castro/Fidel_Castro_0009.jpg
Paul_Sarbanes/Paul_Sarbanes_0001.jpg Paul_Sarbanes/Paul_Sarbanes_0001.jpg Arminio_Fraga/Arminio_Fraga_0005.jpg
Lleyton_Hewitt/Lleyton_Hewitt_0009.jpg Lleyton_Hewitt/Lleyton_Hewitt_0029.jpg Cabas/Cabas_0001.jpg
Gregg_Popovich/Gregg_Popovich_0004.jpg Gregg_Popovich/Gregg_Popovich_0003.jpg George_W_Bush/George_W_Bush_0232.jpg
Richard_Armitage/Richard_Armitage_0008.jpg Richard_Armitage/Richard_Armitage_0006.jpg Paradorn_Srichaphan/Paradorn_Srichaphan_0009.jpg
Jiang_Zemin/Jiang_Zemin_0013.jpg Jiang_Zemin/Jiang_Zemin_0004.jpg Tocker_Pudwill/Tocker_Pudwill_0001.jpg
Yana_Klochkova/Yana_Klochkova_0001.jpg Yana_Klochkova/Yana_Klochkova_0001.jpg Richard_Armitage/Richard_Armitage_0006.jpg
Alvaro_Uribe/Alvaro_Uribe_0031.jpg Alvaro_Uribe/Alvaro_Uribe_0028.jpg William_Ford_Jr/William_Ford_Jr_0004.jpg
Harry_Belafonte/Harry_Belafonte_0002.jpg Harry_Belafonte/Harry_Belafonte_0002.jpg John_Bolton/John_Bolton_0005.jpg
Junichiro_Koizumi/Junichiro_Koizumi_0046.jpg Junichiro_Koizumi/Junichiro_Koizumi_0009.jpg Gene_Orza/Gene_Orza_0001.jpg
George_W_Bush/George_W_Bush_0325.jpg George_W_Bush/George_W_Bush_0150.jpg Tom_Daschle/Tom_Daschle_0025.jpg
Colin_Powell/Colin_Powell_0092.jpg Colin_Powell/Colin_Powell_0140.jpg Lauren_Hutton/Lauren_Hutton_0001.jpg
Gerardo_Gambala/Gerardo_Gambala_0002.jpg Gerardo_Gambala/Gerardo_Gambala_0002.jpg Kevin_Spacey/Kevin_Spacey_0002.jpg
Luis_Gonzalez_Macchi/Luis_Gonzalez_Macchi_0005.jpg Luis_Gonzalez_Macchi/Luis_Gonzalez_Macchi_0004.jpg Vicente_Fox/Vicente_Fox_0002.jpg
Hans_Blix/Hans_Blix_0011.jpg Hans_Blix/Hans_Blix_0014.jpg Kathleen_Abernathy/Kathleen_Abernathy_0001.jpg
Yoo_Jay-Kun/Yoo_Jay-Kun_0001.jpg Yoo_Jay-Kun/Yoo_Jay-Kun_0001.jpg Howard_Dean/Howard_Dean_0001.jpg
Hans_Blix/Hans_Blix_0007.jpg Hans_Blix/Hans_Blix_0014.jpg James_Hoffa/James_Hoffa_0001.jpg
David_Stern/David_Stern_0002.jpg David_Stern/David_Stern_0003.jpg Gloria_Macapagal_Arroyo/Gloria_Macapagal_Arroyo_0023.jpg
David_Wells/David_Wells_0005.jpg David_Wells/David_Wells_0005.jpg Kristanna_Loken/Kristanna_Loken_0005.jpg
Pervez_Musharraf/Pervez_Musharraf_0002.jpg Pervez_Musharraf/Pervez_Musharraf_0012.jpg Hestrie_Cloette/Hestrie_Cloette_0001.jpg
Juan_Carlos_Ferrero/Juan_Carlos_Ferrero_0024.jpg Juan_Carlos_Ferrero/Juan_Carlos_Ferrero_0020.jpg James_Hill/James_Hill_0001.jpg
Vladimir_Putin/Vladimir_Putin_0023.jpg Vladimir_Putin/Vladimir_Putin_0023.jpg Heather_Mills/Heather_Mills_0002.jpg
Christine_Baumgartner/Christine_Baumgartner_0003.jpg Christine_Baumgartner/Christine_Baumgartner_0003.jpg Luis_Berrondo/Luis_Berrondo_0001.jpg
Naomi_Watts/Naomi_Watts_0021.jpg Naomi_Watts/Naomi_Watts_0002.jpg Kate_Capshaw/Kate_Capshaw_0002.jpg
Antonio_Banderas/Antonio_Banderas_0005.jpg Antonio_Banderas/Antonio_Banderas_0001.jpg George_Brumley_III/George_Brumley_III_0001.jpg
Carlos_Salinas/Carlos_Salinas_0001.jpg Carlos_Salinas/Carlos_Salinas_0001.jpg Donatella_Versace/Donatella_Versace_0002.jpg
Ariel_Sharon/Ariel_Sharon_0007.jpg Ariel_Sharon/Ariel_Sharon_0056.jpg Rob_Lowe/Rob_Lowe_0003.jpg
Lance_Bass/Lance_Bass_0001.jpg Lance_Bass/Lance_Bass_0001.jpg Donald_Rumsfeld/Donald_Rumsfeld_0120.jpg
Tony_Blair/Tony_Blair_0012.jpg Tony_Blair/Tony_Blair_0055.jpg LeBron_James/LeBron_James_0005.jpg
Paul_Bremer/Paul_Bremer_0005.jpg Paul_Bremer/Paul_Bremer_0011.jpg Raghad_Saddam_Hussein/Raghad_Saddam_Hussein_0002.jpg
Matt_Doherty/Matt_Doherty_0002.jpg Matt_Doherty/Matt_Doherty_0002.jpg Maria_Burks/Maria_Burks_0001.jpg
Hans_Blix/Hans_Blix_0026.jpg Hans_Blix/Hans_Blix_0037.jpg Lleyton_Hewitt/Lleyton_Hewitt_0009.jpg
Marlon_Devonish/Marlon_Devonish_0001.jpg Marlon_Devonish/Marlon_Devonish_0001.jpg George_W_Bush/George_W_Bush_0502.jpg
Roh_Moo-hyun/Roh_Moo-hyun_0011.jpg Roh_Moo-hyun/Roh_Moo-hyun_0014.jpg Angela_Bassett/Angela_Bassett_0001.jpg
Arnold_Schwarzenegger/Arnold_Schwarzenegger_0013.jpg Arnold_Schwarzenegger/Arnold_Schwarzenegger_0009.jpg Donald_Rumsfeld/Donald_Rumsfeld_0067.jpg
Marcelo_Salas/Marcelo_Salas_0003.jpg Marcelo_Salas/Marcelo_Salas_0001.jpg Garry_Kasparov/Garry_Kasparov_0002.jpg
Martin_Torrijos/Martin_Torrijos_0001.jpg Martin_Torrijos/Martin_Torrijos_0001.jpg Andrew_Wetzler/Andrew_Wetzler_0001.jpg
Alastair_Campbell/Alastair_Campbell_0004.jpg Alastair_Campbell/Alastair_Campbell_0003.jpg Edmund_Stoiber/Edmund_Stoiber_0012.jpg
Don_Siegelman/Don_Siegelman_0001.jpg Don_Siegelman/Don_Siegelman_0001.jpg Jong_Wook_Lee/Jong_Wook_Lee_0004.jpg
George_W_Bush/George_W_Bush_0377.jpg George_W_Bush/George_W_Bush_0244.jpg Jeremy_Greenstock/Jeremy_Greenstock_0002.jpg
Halle_Berry/Halle_Berry_0011.jpg Halle_Berry/Halle_Berry_0002.jpg Mike_Richter/Mike_Richter_0001.jpg
Gretchen_Mol/Gretchen_Mol_0001.jpg Gretchen_Mol/Gretchen_Mol_0001.jpg Juan_Carlos_Ferrero/Juan_Carlos_Ferrero_0024.jpg
Britney_Spears/Britney_Spears_0003.jpg Britney_Spears/Britney_Spears_0005.jpg Charlie_Zaa/Charlie_Zaa_0001.jpg
Colin_Powell/Colin_Powell_0041.jpg Colin_Powell/Colin_Powell_0154.jpg Jean-Francois_Pontal/Jean-Francois_Pontal_0001.jpg
John_Cornyn/John_Cornyn_0001.jpg John_Cornyn/John_Cornyn_0001.jpg Jon_Stewart/Jon_Stewart_0001.jpg
Megawati_Sukarnoputri/Megawati_Sukarnoputri_0027.jpg Megawati_Sukarnoputri/Megawati_Sukarnoputri_0033.jpg Paul_Gascoigne/Paul_Gascoigne_0001.jpg
Bill_Gates/Bill_Gates_0010.jpg Bill_Gates/Bill_Gates_0013.jpg Jiang_Zemin/Jiang_Zemin_0007.jpg
Charles_Taylor/Charles_Taylor_0007.jpg Charles_Taylor/Charles_Taylor_0008.jpg Paul_Shanley/Paul_Shanley_0002.jpg
Carolina_Barco/Carolina_Barco_0001.jpg Carolina_Barco/Carolina_Barco_0001.jpg Dinora_Rosales/Dinora_Rosales_0001.jpg
George_W_Bush/George_W_Bush_0012.jpg George_W_Bush/George_W_Bush_0333.jpg Donald_Rumsfeld/Donald_Rumsfeld_0098.jpg
John_Jones/John_Jones_0001.jpg John_Jones/John_Jones_0001.jpg Muhammad_Ali/Muhammad_Ali_0004.jpg
Gideon_Black/Gideon_Black_0001.jpg Gideon_Black/Gideon_Black_0001.jpg Hamid_Karzai/Hamid_Karzai_0002.jpg
Stephen_Ebberharter/Stephen_Ebberharter_0001.jpg Stephen_Ebberharter/Stephen_Ebberharter_0001.jpg Hipolito_Mejia/Hipolito_Mejia_0002.jpg
Massoud_Barzani/Massoud_Barzani_0001.jpg Massoud_Barzani/Massoud_Barzani_0001.jpg Martina_McBride/Martina_McBride_0004.jpg
Lyudmila_Putin/Lyudmila_Putin_0001.jpg Lyudmila_Putin/Lyudmila_Putin_0001.jpg Jennifer_Capriati/Jennifer_Capriati_0016.jpg
Mark_Bellhorn/Mark_Bellhorn_0001.jpg Mark_Bellhorn/Mark_Bellhorn_0001.jpg Harry_Belafonte/Harry_Belafonte_0002.jpg
Viktor_Yushchenko/Viktor_Yushchenko_0001.jpg Viktor_Yushchenko/Viktor_Yushchenko_0001.jpg Wilfredo_Moreno/Wilfredo_Moreno_0001.jpg
Tom_Brady/Tom_Brady_0001.jpg Tom_Brady/Tom_Brady_0001.jpg Adam_Sandler/Adam_Sandler_0004.jpg
Brad_Garrett/Brad_Garrett_0001.jpg Brad_Garrett/Brad_Garrett_0004.jpg Donald_Rumsfeld/Donald_Rumsfeld_0003.jpg
George_W_Bush/George_W_Bush_0085.jpg George_W_Bush/George_W_Bush_0089.jpg TJ_Ford/TJ_Ford_0001.jpg
Hamid_Karzai/Hamid_Karzai_0002.jpg Hamid_Karzai/Hamid_Karzai_0020.jpg Sam_Torrance/Sam_Torrance_0001.jpg
Robert_Downey_Jr/Robert_Downey_Jr_0001.jpg Robert_Downey_Jr/Robert_Downey_Jr_0001.jpg Chris_Tucker/Chris_Tucker_0001.jpg
Jennifer_Aniston/Jennifer_Aniston_0019.jpg Jennifer_Aniston/Jennifer_Aniston_0004.jpg Colin_Powell/Colin_Powell_0018.jpg
Ted_Williams/Ted_Williams_0001.jpg Ted_Williams/Ted_Williams_0001.jpg Alistair_MacDonald/Alistair_MacDonald_0001.jpg
Marilyn_Monroe/Marilyn_Monroe_0002.jpg Marilyn_Monroe/Marilyn_Monroe_0002.jpg Martin_McGuinness/Martin_McGuinness_0001.jpg
Vladimir_Putin/Vladimir_Putin_0026.jpg Vladimir_Putin/Vladimir_Putin_0043.jpg Guillermo_Coria/Guillermo_Coria_0010.jpg
Jerry_Falwell/Jerry_Falwell_0001.jpg Jerry_Falwell/Jerry_Falwell_0001.jpg Michael_Deutsch/Michael_Deutsch_0001.jpg
Mike_Holmgren/Mike_Holmgren_0002.jpg Mike_Holmgren/Mike_Holmgren_0002.jpg Halle_Berry/Halle_Berry_0002.jpg
Luiz_Inacio_Lula_da_Silva/Luiz_Inacio_Lula_da_Silva_0006.jpg Luiz_Inacio_Lula_da_Silva/Luiz_Inacio_Lula_da_Silva_0019.jpg Francisco_Flores/Francisco_Flores_0003.jpg
Brendan_Stai/Brendan_Stai_0001.jpg Brendan_Stai/Brendan_Stai_0001.jpg Hernan_Crespo/Hernan_Crespo_0001.jpg
Rudolph_Giuliani/Rudolph_Giuliani_0006.jpg Rudolph_Giuliani/Rudolph_Giuliani_0022.jpg Tom_Rouen/Tom_Rouen_0001.jpg
Nestor_Kirchner/Nestor_Kirchner_0030.jpg Nestor_Kirchner/Nestor_Kirchner_0021.jpg Jacques_Chirac/Jacques_Chirac_0035.jpg
John_Ashcroft/John_Ashcroft_0004.jpg John_Ashcroft/John_Ashcroft_0044.jpg Justin_Timberlake/Justin_Timberlake_0003.jpg
Hosni_Mubarak/Hosni_Mubarak_0008.jpg Hosni_Mubarak/Hosni_Mubarak_0009.jpg Missy_Crider/Missy_Crider_0001.jpg
Heather_Willson/Heather_Willson_0001.jpg Heather_Willson/Heather_Willson_0001.jpg Nestor_Kirchner/Nestor_Kirchner_0017.jpg
Stephen_Ambrose/Stephen_Ambrose_0002.jpg Stephen_Ambrose/Stephen_Ambrose_0001.jpg Richie_Adubato/Richie_Adubato_0002.jpg
Choi_Sung-hong/Choi_Sung-hong_0003.jpg Choi_Sung-hong/Choi_Sung-hong_0003.jpg Nicolas_Escude/Nicolas_Escude_0001.jpg
Bob_Graham/Bob_Graham_0005.jpg Bob_Graham/Bob_Graham_0005.jpg Paul_Shanley/Paul_Shanley_0002.jpg
George_W_Bush/George_W_Bush_0333.jpg George_W_Bush/George_W_Bush_0275.jpg Anne_McLellan/Anne_McLellan_0001.jpg
Craig_David/Craig_David_0001.jpg Craig_David/Craig_David_0001.jpg Daisy_Fuentes/Daisy_Fuentes_0004.jpg
Gary_Condit/Gary_Condit_0001.jpg Gary_Condit/Gary_Condit_0001.jpg Kofi_Annan/Kofi_Annan_0031.jpg
James_Dingemans/James_Dingemans_0001.jpg James_Dingemans/James_Dingemans_0001.jpg George_W_Bush/George_W_Bush_0317.jpg
Kristanna_Loken/Kristanna_Loken_0001.jpg Kristanna_Loken/Kristanna_Loken_0001.jpg Bob_Dole/Bob_Dole_0001.jpg
Peter_Rasch/Peter_Rasch_0001.jpg Peter_Rasch/Peter_Rasch_0001.jpg Mickey_Sherman/Mickey_Sherman_0001.jpg
Angie_Arzola/Angie_Arzola_0001.jpg Angie_Arzola/Angie_Arzola_0001.jpg Michael_Keaton/Michael_Keaton_0002.jpg
Leonardo_DiCaprio/Leonardo_DiCaprio_0005.jpg Leonardo_DiCaprio/Leonardo_DiCaprio_0004.jpg Ishaq_Shahryar/Ishaq_Shahryar_0002.jpg
Kosuke_Kitajima/Kosuke_Kitajima_0001.jpg Kosuke_Kitajima/Kosuke_Kitajima_0001.jpg Lord_Hutton/Lord_Hutton_0002.jpg
George_W_Bush/George_W_Bush_0248.jpg George_W_Bush/George_W_Bush_0248.jpg Albrecht_Mentz/Albrecht_Mentz_0002.jpg
Donald_Rumsfeld/Donald_Rumsfeld_0049.jpg Donald_Rumsfeld/Donald_Rumsfeld_0063.jpg Alejandro_Lopez/Alejandro_Lopez_0001.jpg
Binyamin_Ben-Eliezer/Binyamin_Ben-Eliezer_0007.jpg Binyamin_Ben-Eliezer/Binyamin_Ben-Eliezer_0007.jpg Harry_Schmidt/Harry_Schmidt_0003.jpg
Theodore_Tweed_Roosevelt/Theodore_Tweed_Roosevelt_0002.jpg Theodore_Tweed_Roosevelt/Theodore_Tweed_Roosevelt_0002.jpg Kim_Yong-il/Kim_Yong-il_0002.jpg
Devin_Harris/Devin_Harris_0001.jpg Devin_Harris/Devin_Harris_0001.jpg Joe_Friedberg/Joe_Friedberg_0001.jpg
Sharon_Stone/Sharon_Stone_0002.jpg Sharon_Stone/Sharon_Stone_0002.jpg Thomas_Gottschalk/Thomas_Gottschalk_0001.jpg
Donald_Fehr/Donald_Fehr_0003.jpg Donald_Fehr/Donald_Fehr_0003.jpg Nestor_Kirchner/Nestor_Kirchner_0005.jpg
Duane_Lee_Chapman/Duane_Lee_Chapman_0002.jpg Duane_Lee_Chapman/Duane_Lee_Chapman_0002.jpg Martha_Stewart/Martha_Stewart_0001.jpg
Vicente_Fox/Vicente_Fox_0026.jpg Vicente_Fox/Vicente_Fox_0021.jpg Robert_Gallo/Robert_Gallo_0001.jpg
Daniele_Hypolito/Daniele_Hypolito_0001.jpg Daniele_Hypolito/Daniele_Hypolito_0001.jpg Ron_Lantz/Ron_Lantz_0001.jpg
George_HW_Bush/George_HW_Bush_0006.jpg George_HW_Bush/George_HW_Bush_0005.jpg Alan_Ball/Alan_Ball_0002.jpg
Dexter_Jackson/Dexter_Jackson_0001.jpg Dexter_Jackson/Dexter_Jackson_0001.jpg Harry_Belafonte/Harry_Belafonte_0002.jpg
Sharon_Frey/Sharon_Frey_0001.jpg Sharon_Frey/Sharon_Frey_0001.jpg Paul_Sarbanes/Paul_Sarbanes_0002.jpg
Federico_Fellini/Federico_Fellini_0001.jpg Federico_Fellini/Federico_Fellini_0001.jpg Katherine_Harris/Katherine_Harris_0001.jpg
George_W_Bush/George_W_Bush_0529.jpg George_W_Bush/George_W_Bush_0146.jpg Jalen_Rose/Jalen_Rose_0001.jpg
Richard_Penniman/Richard_Penniman_0001.jpg Richard_Penniman/Richard_Penniman_0001.jpg John_Ashcroft/John_Ashcroft_0045.jpg
Vladimir_Putin/Vladimir_Putin_0012.jpg Vladimir_Putin/Vladimir_Putin_0032.jpg Dan_Reeves/Dan_Reeves_0001.jpg
Vicente_Fox/Vicente_Fox_0021.jpg Vicente_Fox/Vicente_Fox_0020.jpg Tom_Cruise/Tom_Cruise_0001.jpg
Dave_McNealey/Dave_McNealey_0001.jpg Dave_McNealey/Dave_McNealey_0001.jpg Joseph_Galante/Joseph_Galante_0001.jpg
Mian_Khursheed_Mehmood_Kasuri/Mian_Khursheed_Mehmood_Kasuri_0002.jpg Mian_Khursheed_Mehmood_Kasuri/Mian_Khursheed_Mehmood_Kasuri_0002.jpg Jorge_Batlle/Jorge_Batlle_0001.jpg
Donald_Rumsfeld/Donald_Rumsfeld_0044.jpg Donald_Rumsfeld/Donald_Rumsfeld_0045.jpg Carolina_Moraes/Carolina_Moraes_0002.jpg
George_W_Bush/George_W_Bush_0511.jpg George_W_Bush/George_W_Bush_0455.jpg Mark_Bellhorn/Mark_Bellhorn_0001.jpg
Emma_Thompson/Emma_Thompson_0001.jpg Emma_Thompson/Emma_Thompson_0002.jpg Carlos_Menem/Carlos_Menem_0001.jpg
Juanes/Juanes_0001.jpg Juanes/Juanes_0002.jpg Muhammad_Ali/Muhammad_Ali_0004.jpg
Bob_Curtis/Bob_Curtis_0001.jpg Bob_Curtis/Bob_Curtis_0001.jpg Dave_Tucker/Dave_Tucker_0001.jpg
Queen_Latifah/Queen_Latifah_0001.jpg Queen_Latifah/Queen_Latifah_0001.jpg Herb_Sendek/Herb_Sendek_0004.jpg
Dariusz_Michalczewski/Dariusz_Michalczewski_0001.jpg Dariusz_Michalczewski/Dariusz_Michalczewski_0001.jpg Pete_Aldridge/Pete_Aldridge_0001.jpg
David_Beckham/David_Beckham_0018.jpg David_Beckham/David_Beckham_0018.jpg Zarai_Toledo/Zarai_Toledo_0001.jpg
Colin_Powell/Colin_Powell_0186.jpg Colin_Powell/Colin_Powell_0079.jpg Yoko_Ono/Yoko_Ono_0002.jpg
Jorge_Enrique_Jimenez/Jorge_Enrique_Jimenez_0001.jpg Jorge_Enrique_Jimenez/Jorge_Enrique_Jimenez_0001.jpg Howard_Schultz/Howard_Schultz_0002.jpg
Anthony_Hopkins/Anthony_Hopkins_0002.jpg Anthony_Hopkins/Anthony_Hopkins_0002.jpg Irina_Lobacheva/Irina_Lobacheva_0001.jpg
John_Negroponte/John_Negroponte_0009.jpg John_Negroponte/John_Negroponte_0018.jpg Juergen_Trittin/Juergen_Trittin_0001.jpg
Annette_Lu/Annette_Lu_0003.jpg Annette_Lu/Annette_Lu_0001.jpg John_Garamendi/John_Garamendi_0001.jpg
Chin-Hui_Tsao/Chin-Hui_Tsao_0001.jpg Chin-Hui_Tsao/Chin-Hui_Tsao_0001.jpg Jennifer_Aniston/Jennifer_Aniston_0012.jpg
Albert_Costa/Albert_Costa_0005.jpg Albert_Costa/Albert_Costa_0005.jpg Anatoliy_Kinakh/Anatoliy_Kinakh_0001.jpg
James_Kopp/James_Kopp_0003.jpg James_Kopp/James_Kopp_0003.jpg Colin_Montgomerie/Colin_Montgomerie_0003.jpg
Mohammed_Al-Douri/Mohammed_Al-Douri_0005.jpg Mohammed_Al-Douri/Mohammed_Al-Douri_0013.jpg Serena_Williams/Serena_Williams_0033.jpg
Ray_Romano/Ray_Romano_0008.jpg Ray_Romano/Ray_Romano_0007.jpg George_W_Bush/George_W_Bush_0035.jpg
Keanu_Reeves/Keanu_Reeves_0012.jpg Keanu_Reeves/Keanu_Reeves_0012.jpg James_Gibson/James_Gibson_0001.jpg
Tyler_Hamilton/Tyler_Hamilton_0002.jpg Tyler_Hamilton/Tyler_Hamilton_0002.jpg Vince_Gill/Vince_Gill_0001.jpg
Paul_ONeill/Paul_ONeill_0009.jpg Paul_ONeill/Paul_ONeill_0004.jpg Tommy_Haas/Tommy_Haas_0002.jpg
Don_Hewitt/Don_Hewitt_0001.jpg Don_Hewitt/Don_Hewitt_0001.jpg Sean_OKeefe/Sean_OKeefe_0001.jpg
Pervez_Musharraf/Pervez_Musharraf_0002.jpg Pervez_Musharraf/Pervez_Musharraf_0013.jpg Anton_Balasingham/Anton_Balasingham_0001.jpg
Edward_Kennedy/Edward_Kennedy_0001.jpg Edward_Kennedy/Edward_Kennedy_0001.jpg John_McCain/John_McCain_0001.jpg
George_W_Bush/George_W_Bush_0097.jpg George_W_Bush/George_W_Bush_0355.jpg Yoriko_Kawaguchi/Yoriko_Kawaguchi_0004.jpg
Loretta_Lynn_Harper/Loretta_Lynn_Harper_0001.jpg Loretta_Lynn_Harper/Loretta_Lynn_Harper_0001.jpg Arsinee_Khanjian/Arsinee_Khanjian_0002.jpg
Paul_Sarbanes/Paul_Sarbanes_0002.jpg Paul_Sarbanes/Paul_Sarbanes_0002.jpg Sylvester_Stallone/Sylvester_Stallone_0005.jpg
Julie_Gerberding/Julie_Gerberding_0008.jpg Julie_Gerberding/Julie_Gerberding_0014.jpg George_W_Bush/George_W_Bush_0162.jpg
Victor_Garber/Victor_Garber_0001.jpg Victor_Garber/Victor_Garber_0001.jpg Paul_Wolfowitz/Paul_Wolfowitz_0007.jpg
Jean-Rene_Fourtou/Jean-Rene_Fourtou_0001.jpg Jean-Rene_Fourtou/Jean-Rene_Fourtou_0001.jpg Tom_Brady/Tom_Brady_0001.jpg
George_W_Bush/George_W_Bush_0524.jpg George_W_Bush/George_W_Bush_0173.jpg Peter_Hillary/Peter_Hillary_0002.jpg
Gerardo_Gambala/Gerardo_Gambala_0002.jpg Gerardo_Gambala/Gerardo_Gambala_0002.jpg John_Negroponte/John_Negroponte_0009.jpg
Don_Nickles/Don_Nickles_0002.jpg Don_Nickles/Don_Nickles_0002.jpg Laura_Pausini/Laura_Pausini_0001.jpg
Paul_McCartney/Paul_McCartney_0004.jpg Paul_McCartney/Paul_McCartney_0007.jpg Gerhard_Schroeder/Gerhard_Schroeder_0089.jpg
Frank_Dunham_Jr/Frank_Dunham_Jr_0001.jpg Frank_Dunham_Jr/Frank_Dunham_Jr_0001.jpg Jolanta_Kwasniewski/Jolanta_Kwasniewski_0001.jpg
Colin_Montgomerie/Colin_Montgomerie_0003.jpg Colin_Montgomerie/Colin_Montgomerie_0003.jpg Tom_Hanks/Tom_Hanks_0001.jpg
Juan_Ignacio_Chela/Juan_Ignacio_Chela_0003.jpg Juan_Ignacio_Chela/Juan_Ignacio_Chela_0002.jpg Silvio_Berlusconi/Silvio_Berlusconi_0004.jpg
James_Hill/James_Hill_0001.jpg James_Hill/James_Hill_0001.jpg Bill_Clinton/Bill_Clinton_0008.jpg
Juergen_Chrobog/Juergen_Chrobog_0001.jpg Juergen_Chrobog/Juergen_Chrobog_0001.jpg Al_Gore/Al_Gore_0002.jpg
Chanda_Rubin/Chanda_Rubin_0002.jpg Chanda_Rubin/Chanda_Rubin_0002.jpg George_Robertson/George_Robertson_0008.jpg
Gloria_Macapagal_Arroyo/Gloria_Macapagal_Arroyo_0008.jpg Gloria_Macapagal_Arroyo/Gloria_Macapagal_Arroyo_0013.jpg George_Robertson/George_Robertson_0008.jpg
Donna_Brazile/Donna_Brazile_0001.jpg Donna_Brazile/Donna_Brazile_0001.jpg Steve_Fehr/Steve_Fehr_0001.jpg
Paul_Bremer/Paul_Bremer_0012.jpg Paul_Bremer/Paul_Bremer_0005.jpg Paul_Newman/Paul_Newman_0001.jpg
Mark_Hurlbert/Mark_Hurlbert_0001.jpg Mark_Hurlbert/Mark_Hurlbert_0005.jpg Mike_Holmgren/Mike_Holmgren_0002.jpg
Jerry_Springer/Jerry_Springer_0001.jpg Jerry_Springer/Jerry_Springer_0002.jpg Carlos_Menem/Carlos_Menem_0009.jpg
Dennis_Kucinich/Dennis_Kucinich_0001.jpg Dennis_Kucinich/Dennis_Kucinich_0001.jpg James_Blake/James_Blake_0012.jpg
Frank_Pallone/Frank_Pallone_0001.jpg Frank_Pallone/Frank_Pallone_0001.jpg Gerhard_Schroeder/Gerhard_Schroeder_0026.jpg
Jean-Claude_Trichet/Jean-Claude_Trichet_0001.jpg Jean-Claude_Trichet/Jean-Claude_Trichet_0001.jpg Paula_Radcliffe/Paula_Radcliffe_0003.jpg
Rodrigo_Borja/Rodrigo_Borja_0001.jpg Rodrigo_Borja/Rodrigo_Borja_0001.jpg Gong_Li/Gong_Li_0001.jpg
Robert_Horan/Robert_Horan_0002.jpg Robert_Horan/Robert_Horan_0002.jpg Roman_Abramovich/Roman_Abramovich_0001.jpg
Evan_Marriott/Evan_Marriott_0001.jpg Evan_Marriott/Evan_Marriott_0001.jpg Venus_Williams/Venus_Williams_0004.jpg
Edmund_Stoiber/Edmund_Stoiber_0001.jpg Edmund_Stoiber/Edmund_Stoiber_0003.jpg Nancy_Greenlaw/Nancy_Greenlaw_0001.jpg
George_W_Bush/George_W_Bush_0006.jpg George_W_Bush/George_W_Bush_0392.jpg Dolly_Parton/Dolly_Parton_0001.jpg
Arturo_Gatti/Arturo_Gatti_0002.jpg Arturo_Gatti/Arturo_Gatti_0002.jpg Megawati_Sukarnoputri/Megawati_Sukarnoputri_0033.jpg
Tom_Ridge/Tom_Ridge_0011.jpg Tom_Ridge/Tom_Ridge_0010.jpg Emily_Mortimer/Emily_Mortimer_0001.jpg
Nestor_Kirchner/Nestor_Kirchner_0021.jpg Nestor_Kirchner/Nestor_Kirchner_0027.jpg George_W_Bush/George_W_Bush_0301.jpg
Don_Matthews/Don_Matthews_0001.jpg Don_Matthews/Don_Matthews_0001.jpg Dick_Cheney/Dick_Cheney_0008.jpg
Jennifer_Capriati/Jennifer_Capriati_0005.jpg Jennifer_Capriati/Jennifer_Capriati_0030.jpg Bob_Cantrell/Bob_Cantrell_0001.jpg
Mike_Brey/Mike_Brey_0001.jpg Mike_Brey/Mike_Brey_0001.jpg Javier_Vargas/Javier_Vargas_0001.jpg
Dominique_de_Villepin/Dominique_de_Villepin_0010.jpg Dominique_de_Villepin/Dominique_de_Villepin_0007.jpg Andy_Hebb/Andy_Hebb_0002.jpg
Silvio_Berlusconi/Silvio_Berlusconi_0018.jpg Silvio_Berlusconi/Silvio_Berlusconi_0015.jpg Joe_Lieberman/Joe_Lieberman_0002.jpg
Alvaro_Uribe/Alvaro_Uribe_0025.jpg Alvaro_Uribe/Alvaro_Uribe_0018.jpg David_Beckham/David_Beckham_0020.jpg
Enrique_Bolanos/Enrique_Bolanos_0003.jpg Enrique_Bolanos/Enrique_Bolanos_0003.jpg Lili_Taylor/Lili_Taylor_0001.jpg
Riek_Blanjaar/Riek_Blanjaar_0001.jpg Riek_Blanjaar/Riek_Blanjaar_0001.jpg Evan_Rachel_Wood/Evan_Rachel_Wood_0003.jpg
Paul_Burrell/Paul_Burrell_0009.jpg Paul_Burrell/Paul_Burrell_0004.jpg Lloyd_Ward/Lloyd_Ward_0002.jpg
Kathleen_Kennedy_Townsend/Kathleen_Kennedy_Townsend_0002.jpg Kathleen_Kennedy_Townsend/Kathleen_Kennedy_Townsend_0002.jpg Jack_Straw/Jack_Straw_0028.jpg
George_W_Bush/George_W_Bush_0250.jpg George_W_Bush/George_W_Bush_0435.jpg Muhammad_Ali/Muhammad_Ali_0004.jpg
Uma_Thurman/Uma_Thurman_0003.jpg Uma_Thurman/Uma_Thurman_0003.jpg Rick_Dinse/Rick_Dinse_0001.jpg
Alejandro_Toledo/Alejandro_Toledo_0035.jpg Alejandro_Toledo/Alejandro_Toledo_0032.jpg Al_Pacino/Al_Pacino_0003.jpg
Gwendal_Peizerat/Gwendal_Peizerat_0003.jpg Gwendal_Peizerat/Gwendal_Peizerat_0003.jpg Sananda_Maitreya/Sananda_Maitreya_0001.jpg
Gunter_Pleuger/Gunter_Pleuger_0004.jpg Gunter_Pleuger/Gunter_Pleuger_0002.jpg Richard_Branson/Richard_Branson_0002.jpg
Jennifer_Lopez/Jennifer_Lopez_0020.jpg Jennifer_Lopez/Jennifer_Lopez_0011.jpg Matt_Damon/Matt_Damon_0001.jpg
George_W_Bush/George_W_Bush_0049.jpg George_W_Bush/George_W_Bush_0012.jpg Irina_Lobacheva/Irina_Lobacheva_0001.jpg
George_W_Bush/George_W_Bush_0144.jpg George_W_Bush/George_W_Bush_0237.jpg Bob_Beauprez/Bob_Beauprez_0001.jpg
Tommy_Franks/Tommy_Franks_0009.jpg Tommy_Franks/Tommy_Franks_0008.jpg Charles_Moose/Charles_Moose_0005.jpg
Hernan_Crespo/Hernan_Crespo_0001.jpg Hernan_Crespo/Hernan_Crespo_0001.jpg Dick_Clark/Dick_Clark_0003.jpg
AJ_Lamas/AJ_Lamas_0001.jpg AJ_Lamas/AJ_Lamas_0001.jpg Jose_Serra/Jose_Serra_0002.jpg
Jo_Dee_Messina/Jo_Dee_Messina_0001.jpg Jo_Dee_Messina/Jo_Dee_Messina_0001.jpg Natasha_McElhone/Natasha_McElhone_0001.jpg
Charles_Schumer/Charles_Schumer_0002.jpg Charles_Schumer/Charles_Schumer_0002.jpg Hitomi_Soga/Hitomi_Soga_0005.jpg
Serena_Williams/Serena_Williams_0030.jpg Serena_Williams/Serena_Williams_0034.jpg Mesut_Yilmaz/Mesut_Yilmaz_0002.jpg
Vojislav_Kostunica/Vojislav_Kostunica_0005.jpg Vojislav_Kostunica/Vojislav_Kostunica_0003.jpg Alejandro_Toledo/Alejandro_Toledo_0006.jpg
Al_Gore/Al_Gore_0005.jpg Al_Gore/Al_Gore_0002.jpg Junichiro_Koizumi/Junichiro_Koizumi_0008.jpg
Mike_Flanagan/Mike_Flanagan_0001.jpg Mike_Flanagan/Mike_Flanagan_0001.jpg Albrecht_Mentz/Albrecht_Mentz_0002.jpg
Nestor_Kirchner/Nestor_Kirchner_0026.jpg Nestor_Kirchner/Nestor_Kirchner_0005.jpg Elena_Dementieva/Elena_Dementieva_0001.jpg
Sergio_Vieira_De_Mello/Sergio_Vieira_De_Mello_0008.jpg Sergio_Vieira_De_Mello/Sergio_Vieira_De_Mello_0007.jpg Tony_Blair/Tony_Blair_0034.jpg
John_Williams/John_Williams_0001.jpg John_Williams/John_Williams_0001.jpg Gary_Coleman/Gary_Coleman_0001.jpg
Prince_Charles/Prince_Charles_0005.jpg Prince_Charles/Prince_Charles_0005.jpg Nicole_Kidman/Nicole_Kidman_0019.jpg
Hernan_Crespo/Hernan_Crespo_0001.jpg Hernan_Crespo/Hernan_Crespo_0001.jpg Gray_Davis/Gray_Davis_0020.jpg
Corinne_Coman/Corinne_Coman_0002.jpg Corinne_Coman/Corinne_Coman_0002.jpg Jason_Gardner/Jason_Gardner_0001.jpg
Aram_Adler/Aram_Adler_0001.jpg Aram_Adler/Aram_Adler_0001.jpg Hugo_Chavez/Hugo_Chavez_0044.jpg
Chang_Tso/Chang_Tso_0001.jpg Chang_Tso/Chang_Tso_0001.jpg John_Bolton/John_Bolton_0005.jpg
Ai_Sugiyama/Ai_Sugiyama_0003.jpg Ai_Sugiyama/Ai_Sugiyama_0003.jpg George_W_Bush/George_W_Bush_0130.jpg
Charlotte_Rampling/Charlotte_Rampling_0002.jpg Charlotte_Rampling/Charlotte_Rampling_0002.jpg Ariel_Sharon/Ariel_Sharon_0034.jpg
Alexander_Losyukov/Alexander_Losyukov_0003.jpg Alexander_Losyukov/Alexander_Losyukov_0003.jpg George_W_Bush/George_W_Bush_0301.jpg
Li_Zhaoxing/Li_Zhaoxing_0005.jpg Li_Zhaoxing/Li_Zhaoxing_0005.jpg Uzi_Even/Uzi_Even_0001.jpg
David_Duke/David_Duke_0001.jpg David_Duke/David_Duke_0001.jpg Charles_Pouty/Charles_Pouty_0001.jpg
Dennis_Kucinich/Dennis_Kucinich_0001.jpg Dennis_Kucinich/Dennis_Kucinich_0001.jpg Jorge_Rodolfo_Canicoba_Corral/Jorge_Rodolfo_Canicoba_Corral_0002.jpg
Hernan_Crespo/Hernan_Crespo_0001.jpg Hernan_Crespo/Hernan_Crespo_0001.jpg Kyle_McLaren/Kyle_McLaren_0001.jpg
Svetlana_Koroleva/Svetlana_Koroleva_0002.jpg Svetlana_Koroleva/Svetlana_Koroleva_0002.jpg Alicia_Silverstone/Alicia_Silverstone_0001.jpg
Chris_Columbus/Chris_Columbus_0001.jpg Chris_Columbus/Chris_Columbus_0001.jpg Edward_Kennedy/Edward_Kennedy_0001.jpg
Mahathir_Mohamad/Mahathir_Mohamad_0004.jpg Mahathir_Mohamad/Mahathir_Mohamad_0002.jpg George_W_Bush/George_W_Bush_0333.jpg
Tom_Brady/Tom_Brady_0001.jpg Tom_Brady/Tom_Brady_0001.jpg Anastasia_Myskina/Anastasia_Myskina_0002.jpg
Tim_Henman/Tim_Henman_0015.jpg Tim_Henman/Tim_Henman_0017.jpg Sananda_Maitreya/Sananda_Maitreya_0001.jpg
Robin_Wright_Penn/Robin_Wright_Penn_0001.jpg Robin_Wright_Penn/Robin_Wright_Penn_0001.jpg Donna_Brazile/Donna_Brazile_0001.jpg
Jack_Goodman/Jack_Goodman_0001.jpg Jack_Goodman/Jack_Goodman_0001.jpg Dale_Earnhardt_Jr/Dale_Earnhardt_Jr_0004.jpg
Donald_Rumsfeld/Donald_Rumsfeld_0044.jpg Donald_Rumsfeld/Donald_Rumsfeld_0039.jpg Lloyd_Ward/Lloyd_Ward_0002.jpg
Toni_Braxton/Toni_Braxton_0001.jpg Toni_Braxton/Toni_Braxton_0001.jpg George_W_Bush/George_W_Bush_0244.jpg
Tim_Henman/Tim_Henman_0001.jpg Tim_Henman/Tim_Henman_0001.jpg Eduardo_Duhalde/Eduardo_Duhalde_0003.jpg
Jennifer_Lopez/Jennifer_Lopez_0011.jpg Jennifer_Lopez/Jennifer_Lopez_0007.jpg Serena_Williams/Serena_Williams_0047.jpg
John_Williams/John_Williams_0001.jpg John_Williams/John_Williams_0001.jpg Darren_Clarke/Darren_Clarke_0001.jpg
Dolly_Parton/Dolly_Parton_0001.jpg Dolly_Parton/Dolly_Parton_0001.jpg Atal_Bihari_Vajpayee/Atal_Bihari_Vajpayee_0014.jpg
Vince_Gill/Vince_Gill_0001.jpg Vince_Gill/Vince_Gill_0001.jpg Paul-Henri_Mathieu/Paul-Henri_Mathieu_0003.jpg
Franco_Cangele/Franco_Cangele_0001.jpg Franco_Cangele/Franco_Cangele_0001.jpg Anna_Kournikova/Anna_Kournikova_0007.jpg
Kate_Winslet/Kate_Winslet_0003.jpg Kate_Winslet/Kate_Winslet_0003.jpg Lori_Berenson/Lori_Berenson_0001.jpg
Eric_Wedge/Eric_Wedge_0001.jpg Eric_Wedge/Eric_Wedge_0001.jpg Yu_Shyi-kun/Yu_Shyi-kun_0003.jpg
Tim_Welsh/Tim_Welsh_0001.jpg Tim_Welsh/Tim_Welsh_0001.jpg Donald_Rumsfeld/Donald_Rumsfeld_0003.jpg
Patrick_Leahy/Patrick_Leahy_0002.jpg Patrick_Leahy/Patrick_Leahy_0002.jpg John_Spencer/John_Spencer_0001.jpg
Robert_Downey_Jr/Robert_Downey_Jr_0001.jpg Robert_Downey_Jr/Robert_Downey_Jr_0001.jpg Ambrose_Lee/Ambrose_Lee_0001.jpg
Ellen_DeGeneres/Ellen_DeGeneres_0002.jpg Ellen_DeGeneres/Ellen_DeGeneres_0002.jpg Gong_Li/Gong_Li_0001.jpg
Gloria_Macapagal_Arroyo/Gloria_Macapagal_Arroyo_0039.jpg Gloria_Macapagal_Arroyo/Gloria_Macapagal_Arroyo_0008.jpg Adolfo_Aguilar_Zinser/Adolfo_Aguilar_Zinser_0003.jpg
Viktor_Yushchenko/Viktor_Yushchenko_0001.jpg Viktor_Yushchenko/Viktor_Yushchenko_0001.jpg Recep_Tayyip_Erdogan/Recep_Tayyip_Erdogan_0013.jpg
David_Sibleyk/David_Sibleyk_0001.jpg David_Sibleyk/David_Sibleyk_0001.jpg John_Jones/John_Jones_0001.jpg
George_W_Bush/George_W_Bush_0210.jpg George_W_Bush/George_W_Bush_0210.jpg Vicente_Fox/Vicente_Fox_0028.jpg
Paul_Burrell/Paul_Burrell_0010.jpg Paul_Burrell/Paul_Burrell_0001.jpg Des_Brown/Des_Brown_0001.jpg
Martha_Burk/Martha_Burk_0004.jpg Martha_Burk/Martha_Burk_0001.jpg Chris_Reitsma/Chris_Reitsma_0001.jpg
Elvis_Presley/Elvis_Presley_0002.jpg Elvis_Presley/Elvis_Presley_0002.jpg Stephen_Crampton/Stephen_Crampton_0001.jpg
Natalie_Cole/Natalie_Cole_0003.jpg Natalie_Cole/Natalie_Cole_0001.jpg Luis_Ernesto_Derbez_Bautista/Luis_Ernesto_Derbez_Bautista_0002.jpg
Silvio_Berlusconi/Silvio_Berlusconi_0004.jpg Silvio_Berlusconi/Silvio_Berlusconi_0015.jpg Richard_Myers/Richard_Myers_0001.jpg
Tom_Ridge/Tom_Ridge_0008.jpg Tom_Ridge/Tom_Ridge_0013.jpg Gregg_Popovich/Gregg_Popovich_0004.jpg
Juanes/Juanes_0002.jpg Juanes/Juanes_0001.jpg Dalai_Lama/Dalai_Lama_0002.jpg
Hu_Jintao/Hu_Jintao_0014.jpg Hu_Jintao/Hu_Jintao_0014.jpg Tom_Osborne/Tom_Osborne_0001.jpg
Ricardo_Lagos/Ricardo_Lagos_0020.jpg Ricardo_Lagos/Ricardo_Lagos_0020.jpg Herta_Daeubler-Gmelin/Herta_Daeubler-Gmelin_0002.jpg
Alejandro_Toledo/Alejandro_Toledo_0020.jpg Alejandro_Toledo/Alejandro_Toledo_0037.jpg Vicente_Fox/Vicente_Fox_0021.jpg
George_W_Bush/George_W_Bush_0144.jpg George_W_Bush/George_W_Bush_0282.jpg Laurie_Pirtle/Laurie_Pirtle_0001.jpg
Donald_Rumsfeld/Donald_Rumsfeld_0085.jpg Donald_Rumsfeld/Donald_Rumsfeld_0059.jpg Colin_Powell/Colin_Powell_0212.jpg
Kim_Clijsters/Kim_Clijsters_0004.jpg Kim_Clijsters/Kim_Clijsters_0001.jpg Junichiro_Koizumi/Junichiro_Koizumi_0044.jpg
Luis_Ernesto_Derbez_Bautista/Luis_Ernesto_Derbez_Bautista_0002.jpg Luis_Ernesto_Derbez_Bautista/Luis_Ernesto_Derbez_Bautista_0002.jpg Mona_Rishmawi/Mona_Rishmawi_0001.jpg
Dominique_de_Villepin/Dominique_de_Villepin_0005.jpg Dominique_de_Villepin/Dominique_de_Villepin_0005.jpg Nadia_Petrova/Nadia_Petrova_0004.jpg
George_W_Bush/George_W_Bush_0248.jpg George_W_Bush/George_W_Bush_0301.jpg Alastair_Campbell/Alastair_Campbell_0004.jpg
Chris_Byrd/Chris_Byrd_0002.jpg Chris_Byrd/Chris_Byrd_0002.jpg George_W_Bush/George_W_Bush_0472.jpg
Pervez_Musharraf/Pervez_Musharraf_0014.jpg Pervez_Musharraf/Pervez_Musharraf_0016.jpg Tino_Martinez/Tino_Martinez_0001.jpg
Hernan_Crespo/Hernan_Crespo_0001.jpg Hernan_Crespo/Hernan_Crespo_0001.jpg Harry_Schmidt/Harry_Schmidt_0003.jpg
Bobby_Goldwater/Bobby_Goldwater_0002.jpg Bobby_Goldwater/Bobby_Goldwater_0002.jpg Arnold_Schwarzenegger/Arnold_Schwarzenegger_0037.jpg
George_Robertson/George_Robertson_0016.jpg George_Robertson/George_Robertson_0021.jpg Kevin_Nealon/Kevin_Nealon_0001.jpg
Paul_Burrell/Paul_Burrell_0010.jpg Paul_Burrell/Paul_Burrell_0004.jpg Alvaro_Uribe/Alvaro_Uribe_0025.jpg
Martina_McBride/Martina_McBride_0004.jpg Martina_McBride/Martina_McBride_0002.jpg Tom_Daschle/Tom_Daschle_0003.jpg
Peter_Bacanovic/Peter_Bacanovic_0001.jpg Peter_Bacanovic/Peter_Bacanovic_0001.jpg John_McCain/John_McCain_0001.jpg
Dave_McNealey/Dave_McNealey_0001.jpg Dave_McNealey/Dave_McNealey_0001.jpg David_Dorfman/David_Dorfman_0001.jpg
Alicia_Silverstone/Alicia_Silverstone_0001.jpg Alicia_Silverstone/Alicia_Silverstone_0001.jpg Harry_Belafonte/Harry_Belafonte_0001.jpg
Carlos_Vives/Carlos_Vives_0001.jpg Carlos_Vives/Carlos_Vives_0001.jpg Colin_Powell/Colin_Powell_0157.jpg
Mike_Leach/Mike_Leach_0001.jpg Mike_Leach/Mike_Leach_0001.jpg Richard_Levin/Richard_Levin_0001.jpg
John_Perrota/John_Perrota_0001.jpg John_Perrota/John_Perrota_0001.jpg George_W_Bush/George_W_Bush_0317.jpg
Hugo_Chavez/Hugo_Chavez_0047.jpg Hugo_Chavez/Hugo_Chavez_0031.jpg Jennifer_Capriati/Jennifer_Capriati_0016.jpg
Ali_Ahmeti/Ali_Ahmeti_0001.jpg Ali_Ahmeti/Ali_Ahmeti_0001.jpg Tony_Blair/Tony_Blair_0128.jpg
Charlton_Heston/Charlton_Heston_0003.jpg Charlton_Heston/Charlton_Heston_0006.jpg Colin_Powell/Colin_Powell_0028.jpg
John_Ashcroft/John_Ashcroft_0012.jpg John_Ashcroft/John_Ashcroft_0042.jpg Monique_Garbrecht-Enfeldt/Monique_Garbrecht-Enfeldt_0003.jpg
Marcelo_Salas/Marcelo_Salas_0003.jpg Marcelo_Salas/Marcelo_Salas_0003.jpg Zeljko_Rebraca/Zeljko_Rebraca_0001.jpg
Bill_McBride/Bill_McBride_0010.jpg Bill_McBride/Bill_McBride_0005.jpg Rick_Pitino/Rick_Pitino_0001.jpg
Steven_Spielberg/Steven_Spielberg_0001.jpg Steven_Spielberg/Steven_Spielberg_0001.jpg Rob_Lowe/Rob_Lowe_0002.jpg
Jason_Statham/Jason_Statham_0001.jpg Jason_Statham/Jason_Statham_0001.jpg Hans_Blix/Hans_Blix_0026.jpg
Eric_Hinske/Eric_Hinske_0002.jpg Eric_Hinske/Eric_Hinske_0002.jpg Junichiro_Koizumi/Junichiro_Koizumi_0009.jpg
Richard_Branson/Richard_Branson_0002.jpg Richard_Branson/Richard_Branson_0002.jpg Zoran_Djindjic/Zoran_Djindjic_0002.jpg
Mikhail_Kalashnikov/Mikhail_Kalashnikov_0001.jpg Mikhail_Kalashnikov/Mikhail_Kalashnikov_0001.jpg Derian_Hatcher/Derian_Hatcher_0001.jpg
Patrik_Kristiansson/Patrik_Kristiansson_0001.jpg Patrik_Kristiansson/Patrik_Kristiansson_0001.jpg Tony_Blair/Tony_Blair_0111.jpg
Wendy_Kennedy/Wendy_Kennedy_0001.jpg Wendy_Kennedy/Wendy_Kennedy_0001.jpg Charles_Taylor/Charles_Taylor_0008.jpg
Marlon_Devonish/Marlon_Devonish_0001.jpg Marlon_Devonish/Marlon_Devonish_0001.jpg Ron_Dittemore/Ron_Dittemore_0006.jpg
Angela_Bassett/Angela_Bassett_0001.jpg Angela_Bassett/Angela_Bassett_0001.jpg Jim_Furyk/Jim_Furyk_0003.jpg
Miguel_Aldana_Ibarra/Miguel_Aldana_Ibarra_0001.jpg Miguel_Aldana_Ibarra/Miguel_Aldana_Ibarra_0001.jpg George_W_Bush/George_W_Bush_0459.jpg
Andrew_Jarecki/Andrew_Jarecki_0001.jpg Andrew_Jarecki/Andrew_Jarecki_0001.jpg Trent_Lott/Trent_Lott_0016.jpg
Park_Na-kyong/Park_Na-kyong_0001.jpg Park_Na-kyong/Park_Na-kyong_0001.jpg Colin_Powell/Colin_Powell_0033.jpg
Arnold_Schwarzenegger/Arnold_Schwarzenegger_0010.jpg Arnold_Schwarzenegger/Arnold_Schwarzenegger_0002.jpg Brian_McIntyre/Brian_McIntyre_0001.jpg
Vladimir_Putin/Vladimir_Putin_0004.jpg Vladimir_Putin/Vladimir_Putin_0009.jpg John_Ashcroft/John_Ashcroft_0031.jpg
AJ_Lamas/AJ_Lamas_0001.jpg AJ_Lamas/AJ_Lamas_0001.jpg Janet_Napolitano/Janet_Napolitano_0001.jpg
Britney_Spears/Britney_Spears_0005.jpg Britney_Spears/Britney_Spears_0005.jpg Norah_Jones/Norah_Jones_0014.jpg
Michael_Chiklis/Michael_Chiklis_0004.jpg Michael_Chiklis/Michael_Chiklis_0001.jpg Chanda_Rubin/Chanda_Rubin_0004.jpg
Bono/Bono_0003.jpg Bono/Bono_0003.jpg Julie_Goodenough/Julie_Goodenough_0001.jpg
Mike_Krzyzewski/Mike_Krzyzewski_0003.jpg Mike_Krzyzewski/Mike_Krzyzewski_0003.jpg John_Bolton/John_Bolton_0015.jpg
Gerry_Adams/Gerry_Adams_0004.jpg Gerry_Adams/Gerry_Adams_0004.jpg Ariel_Sharon/Ariel_Sharon_0064.jpg
George_W_Bush/George_W_Bush_0206.jpg George_W_Bush/George_W_Bush_0330.jpg Al_Leiter/Al_Leiter_0001.jpg
James_Traficant/James_Traficant_0002.jpg James_Traficant/James_Traficant_0002.jpg Megan_Mullally/Megan_Mullally_0001.jpg
Thomas_Rupprath/Thomas_Rupprath_0001.jpg Thomas_Rupprath/Thomas_Rupprath_0001.jpg Izzat_Ibrahim/Izzat_Ibrahim_0001.jpg
Michael_Shane_Jolly/Michael_Shane_Jolly_0001.jpg Michael_Shane_Jolly/Michael_Shane_Jolly_0001.jpg Enrique_Bolanos/Enrique_Bolanos_0003.jpg
Angelina_Jolie/Angelina_Jolie_0010.jpg Angelina_Jolie/Angelina_Jolie_0020.jpg Thomas_Birmingham/Thomas_Birmingham_0002.jpg
James_Kopp/James_Kopp_0004.jpg James_Kopp/James_Kopp_0003.jpg George_W_Bush/George_W_Bush_0005.jpg
Cherie_Blair/Cherie_Blair_0002.jpg Cherie_Blair/Cherie_Blair_0002.jpg Bill_Clinton/Bill_Clinton_0008.jpg
Monique_Garbrecht-Enfeldt/Monique_Garbrecht-Enfeldt_0002.jpg Monique_Garbrecht-Enfeldt/Monique_Garbrecht-Enfeldt_0002.jpg Alexander_Losyukov/Alexander_Losyukov_0003.jpg
Donald_Rumsfeld/Donald_Rumsfeld_0028.jpg Donald_Rumsfeld/Donald_Rumsfeld_0023.jpg George_W_Bush/George_W_Bush_0442.jpg
Adam_Sandler/Adam_Sandler_0004.jpg Adam_Sandler/Adam_Sandler_0004.jpg Roh_Moo-hyun/Roh_Moo-hyun_0002.jpg
JC_Chasez/JC_Chasez_0001.jpg JC_Chasez/JC_Chasez_0001.jpg Megawati_Sukarnoputri/Megawati_Sukarnoputri_0011.jpg
Robert_Downey_Jr/Robert_Downey_Jr_0001.jpg Robert_Downey_Jr/Robert_Downey_Jr_0001.jpg Dimitri_Perricos/Dimitri_Perricos_0001.jpg
Michael_Schumacher/Michael_Schumacher_0018.jpg Michael_Schumacher/Michael_Schumacher_0016.jpg Brad_Smith/Brad_Smith_0001.jpg
Tim_Henman/Tim_Henman_0016.jpg Tim_Henman/Tim_Henman_0018.jpg Jennifer_Connelly/Jennifer_Connelly_0002.jpg
Jean_Chretien/Jean_Chretien_0034.jpg Jean_Chretien/Jean_Chretien_0019.jpg Raja_Qureshi/Raja_Qureshi_0001.jpg
Molly_Sims/Molly_Sims_0001.jpg Molly_Sims/Molly_Sims_0001.jpg Evan_Rachel_Wood/Evan_Rachel_Wood_0003.jpg
Martin_Cauchon/Martin_Cauchon_0001.jpg Martin_Cauchon/Martin_Cauchon_0002.jpg Fabricio_Oberto/Fabricio_Oberto_0001.jpg
Imre_Kertasz/Imre_Kertasz_0001.jpg Imre_Kertasz/Imre_Kertasz_0001.jpg Jennifer_Aniston/Jennifer_Aniston_0004.jpg
Catherine_Deneuve/Catherine_Deneuve_0004.jpg Catherine_Deneuve/Catherine_Deneuve_0004.jpg Zhu_Rongji/Zhu_Rongji_0008.jpg
Kenenisa_Bekele/Kenenisa_Bekele_0001.jpg Kenenisa_Bekele/Kenenisa_Bekele_0001.jpg Darren_Clarke/Darren_Clarke_0001.jpg
Jiang_Zemin/Jiang_Zemin_0005.jpg Jiang_Zemin/Jiang_Zemin_0007.jpg Angie_Arzola/Angie_Arzola_0001.jpg
Helo_Pinheiro/Helo_Pinheiro_0001.jpg Helo_Pinheiro/Helo_Pinheiro_0001.jpg Gloria_Macapagal_Arroyo/Gloria_Macapagal_Arroyo_0008.jpg
Kofi_Annan/Kofi_Annan_0016.jpg Kofi_Annan/Kofi_Annan_0029.jpg Ruben_Sierra/Ruben_Sierra_0001.jpg
Rudolph_Giuliani/Rudolph_Giuliani_0022.jpg Rudolph_Giuliani/Rudolph_Giuliani_0007.jpg Mark_Hurlbert/Mark_Hurlbert_0005.jpg
Elijah_Wood/Elijah_Wood_0003.jpg Elijah_Wood/Elijah_Wood_0002.jpg John_Garamendi/John_Garamendi_0002.jpg
Yang_Pao-yu/Yang_Pao-yu_0001.jpg Yang_Pao-yu/Yang_Pao-yu_0001.jpg Kofi_Annan/Kofi_Annan_0029.jpg
Hugo_Chavez/Hugo_Chavez_0028.jpg Hugo_Chavez/Hugo_Chavez_0044.jpg Larry_Brown/Larry_Brown_0007.jpg
Scott_McClellan/Scott_McClellan_0001.jpg Scott_McClellan/Scott_McClellan_0001.jpg Tippi_Hedren/Tippi_Hedren_0002.jpg
John_Kerry/John_Kerry_0013.jpg John_Kerry/John_Kerry_0001.jpg George_W_Bush/George_W_Bush_0073.jpg
Takashi_Sorimachi/Takashi_Sorimachi_0002.jpg Takashi_Sorimachi/Takashi_Sorimachi_0002.jpg Stephen_Ebberharter/Stephen_Ebberharter_0001.jpg
Eric_Lindros/Eric_Lindros_0001.jpg Eric_Lindros/Eric_Lindros_0001.jpg Paul_Wals/Paul_Wals_0001.jpg
Pervez_Musharraf/Pervez_Musharraf_0016.jpg Pervez_Musharraf/Pervez_Musharraf_0014.jpg Colin_Powell/Colin_Powell_0129.jpg
Steve-O/Steve-O_0001.jpg Steve-O/Steve-O_0001.jpg Jack_Straw/Jack_Straw_0018.jpg
Colin_Powell/Colin_Powell_0123.jpg Colin_Powell/Colin_Powell_0079.jpg Akmal_Taher/Akmal_Taher_0001.jpg
George_W_Bush/George_W_Bush_0301.jpg George_W_Bush/George_W_Bush_0210.jpg Kelvin_Sampson/Kelvin_Sampson_0002.jpg
Taha_Yassin_Ramadan/Taha_Yassin_Ramadan_0013.jpg Taha_Yassin_Ramadan/Taha_Yassin_Ramadan_0008.jpg Carlos_Menem/Carlos_Menem_0009.jpg
Carolina_Moraes/Carolina_Moraes_0002.jpg Carolina_Moraes/Carolina_Moraes_0002.jpg Kathryn_Bigelow/Kathryn_Bigelow_0001.jpg
Muhammad_Ali/Muhammad_Ali_0009.jpg Muhammad_Ali/Muhammad_Ali_0004.jpg Princess_Elisabeth/Princess_Elisabeth_0001.jpg
Robert_Gallo/Robert_Gallo_0001.jpg Robert_Gallo/Robert_Gallo_0001.jpg Carlos_Salinas/Carlos_Salinas_0001.jpg
George_W_Bush/George_W_Bush_0355.jpg George_W_Bush/George_W_Bush_0502.jpg Helio_Rubens_Garcia/Helio_Rubens_Garcia_0001.jpg
Elena_Bovina/Elena_Bovina_0002.jpg Elena_Bovina/Elena_Bovina_0002.jpg Colin_Powell/Colin_Powell_0028.jpg
George_W_Bush/George_W_Bush_0472.jpg George_W_Bush/George_W_Bush_0513.jpg Thomas_Fargo/Thomas_Fargo_0002.jpg
John_Ashcroft/John_Ashcroft_0012.jpg John_Ashcroft/John_Ashcroft_0008.jpg Junichiro_Koizumi/Junichiro_Koizumi_0008.jpg
Blythe_Hartley/Blythe_Hartley_0001.jpg Blythe_Hartley/Blythe_Hartley_0001.jpg Kim_Clijsters/Kim_Clijsters_0010.jpg
Drew_Barrymore/Drew_Barrymore_0001.jpg Drew_Barrymore/Drew_Barrymore_0001.jpg Martin_Frost/Martin_Frost_0001.jpg
Prince_Charles/Prince_Charles_0005.jpg Prince_Charles/Prince_Charles_0005.jpg Naomi_Watts/Naomi_Watts_0006.jpg
Sam_Torrance/Sam_Torrance_0001.jpg Sam_Torrance/Sam_Torrance_0001.jpg Hank_Stram/Hank_Stram_0001.jpg
Evgeni_Plushenko/Evgeni_Plushenko_0001.jpg Evgeni_Plushenko/Evgeni_Plushenko_0001.jpg Paul_Lockhart/Paul_Lockhart_0001.jpg
Ron_Dittemore/Ron_Dittemore_0001.jpg Ron_Dittemore/Ron_Dittemore_0001.jpg John_Salazar/John_Salazar_0001.jpg
Lleyton_Hewitt/Lleyton_Hewitt_0011.jpg Lleyton_Hewitt/Lleyton_Hewitt_0035.jpg S_Jayakumar/S_Jayakumar_0001.jpg
Silvio_Berlusconi/Silvio_Berlusconi_0015.jpg Silvio_Berlusconi/Silvio_Berlusconi_0028.jpg Chanda_Rubin/Chanda_Rubin_0003.jpg
Missy_Crider/Missy_Crider_0001.jpg Missy_Crider/Missy_Crider_0001.jpg Ann_Landers/Ann_Landers_0001.jpg
Jason_Kidd/Jason_Kidd_0005.jpg Jason_Kidd/Jason_Kidd_0005.jpg Ellen_DeGeneres/Ellen_DeGeneres_0002.jpg
Jose_Serra/Jose_Serra_0003.jpg Jose_Serra/Jose_Serra_0003.jpg Gilberto_Rodriguez_Orejuela/Gilberto_Rodriguez_Orejuela_0002.jpg
Sean_Patrick_OMalley/Sean_Patrick_OMalley_0003.jpg Sean_Patrick_OMalley/Sean_Patrick_OMalley_0003.jpg Martin_Frost/Martin_Frost_0001.jpg
Hestrie_Cloette/Hestrie_Cloette_0001.jpg Hestrie_Cloette/Hestrie_Cloette_0001.jpg Colin_Powell/Colin_Powell_0232.jpg
Marc_Anthony/Marc_Anthony_0001.jpg Marc_Anthony/Marc_Anthony_0001.jpg Glen_DaSilva/Glen_DaSilva_0001.jpg
Kim_Clijsters/Kim_Clijsters_0004.jpg Kim_Clijsters/Kim_Clijsters_0010.jpg Bryan_Cooley/Bryan_Cooley_0001.jpg
Elizabeth_Smart/Elizabeth_Smart_0005.jpg Elizabeth_Smart/Elizabeth_Smart_0005.jpg Colin_Powell/Colin_Powell_0115.jpg
Theo_Angelopoulos/Theo_Angelopoulos_0001.jpg Theo_Angelopoulos/Theo_Angelopoulos_0001.jpg Enrique_Oliu/Enrique_Oliu_0001.jpg
Hans_Blix/Hans_Blix_0011.jpg Hans_Blix/Hans_Blix_0026.jpg Farouk_al-Sharaa/Farouk_al-Sharaa_0001.jpg
Luiz_Inacio_Lula_da_Silva/Luiz_Inacio_Lula_da_Silva_0030.jpg Luiz_Inacio_Lula_da_Silva/Luiz_Inacio_Lula_da_Silva_0023.jpg Richard_Armitage/Richard_Armitage_0008.jpg
Tony_Blair/Tony_Blair_0031.jpg Tony_Blair/Tony_Blair_0111.jpg Jim_Cantalupo/Jim_Cantalupo_0001.jpg
Donald_Hays/Donald_Hays_0001.jpg Donald_Hays/Donald_Hays_0001.jpg Charles_Taylor/Charles_Taylor_0007.jpg
Colin_Powell/Colin_Powell_0129.jpg Colin_Powell/Colin_Powell_0168.jpg Gustavo_Franco/Gustavo_Franco_0001.jpg
Luis_Gonzalez_Macchi/Luis_Gonzalez_Macchi_0004.jpg Luis_Gonzalez_Macchi/Luis_Gonzalez_Macchi_0004.jpg John_Ashcroft/John_Ashcroft_0004.jpg
Winona_Ryder/Winona_Ryder_0003.jpg Winona_Ryder/Winona_Ryder_0012.jpg Oscar_De_La_Hoya/Oscar_De_La_Hoya_0002.jpg
Spencer_Abraham/Spencer_Abraham_0015.jpg Spencer_Abraham/Spencer_Abraham_0015.jpg Enrique_Iglesias/Enrique_Iglesias_0001.jpg
Corinne_Coman/Corinne_Coman_0002.jpg Corinne_Coman/Corinne_Coman_0002.jpg Jiang_Zemin/Jiang_Zemin_0014.jpg
Arnold_Schwarzenegger/Arnold_Schwarzenegger_0033.jpg Arnold_Schwarzenegger/Arnold_Schwarzenegger_0002.jpg Rodney_Rempt/Rodney_Rempt_0001.jpg
Howard_Dean/Howard_Dean_0001.jpg Howard_Dean/Howard_Dean_0003.jpg George_W_Bush/George_W_Bush_0271.jpg
Warren_Beatty/Warren_Beatty_0001.jpg Warren_Beatty/Warren_Beatty_0001.jpg Gordon_Brown/Gordon_Brown_0006.jpg
John_Ashcroft/John_Ashcroft_0044.jpg John_Ashcroft/John_Ashcroft_0008.jpg Nestor_Kirchner/Nestor_Kirchner_0028.jpg
Carlos_Menem/Carlos_Menem_0009.jpg Carlos_Menem/Carlos_Menem_0021.jpg Susan_Sarandon/Susan_Sarandon_0002.jpg
Alvaro_Uribe/Alvaro_Uribe_0010.jpg Alvaro_Uribe/Alvaro_Uribe_0028.jpg David_Beckham/David_Beckham_0002.jpg
Zinedine_Zidane/Zinedine_Zidane_0006.jpg Zinedine_Zidane/Zinedine_Zidane_0006.jpg Martin_Kristof/Martin_Kristof_0001.jpg
Fredric_Seaman/Fredric_Seaman_0001.jpg Fredric_Seaman/Fredric_Seaman_0001.jpg Martin_ONeill/Martin_ONeill_0001.jpg
Steve_Cox/Steve_Cox_0001.jpg Steve_Cox/Steve_Cox_0001.jpg Lyudmila_Putin/Lyudmila_Putin_0001.jpg
Ricardo_Lagos/Ricardo_Lagos_0011.jpg Ricardo_Lagos/Ricardo_Lagos_0001.jpg Bill_Parcells/Bill_Parcells_0002.jpg
Cameron_Diaz/Cameron_Diaz_0002.jpg Cameron_Diaz/Cameron_Diaz_0002.jpg Dominique_de_Villepin/Dominique_de_Villepin_0003.jpg
Michael_Kors/Michael_Kors_0001.jpg Michael_Kors/Michael_Kors_0001.jpg Leonardo_DiCaprio/Leonardo_DiCaprio_0004.jpg
Orlando_Bloom/Orlando_Bloom_0001.jpg Orlando_Bloom/Orlando_Bloom_0001.jpg Alejandro_Toledo/Alejandro_Toledo_0028.jpg
Paul_Johnson/Paul_Johnson_0001.jpg Paul_Johnson/Paul_Johnson_0001.jpg Gary_Doer/Gary_Doer_0001.jpg
Michael_Bloomberg/Michael_Bloomberg_0015.jpg Michael_Bloomberg/Michael_Bloomberg_0011.jpg George_W_Bush/George_W_Bush_0005.jpg
Leslie_Ann_Woodward/Leslie_Ann_Woodward_0001.jpg Leslie_Ann_Woodward/Leslie_Ann_Woodward_0001.jpg Tom_Daschle/Tom_Daschle_0001.jpg
Shane_Hmiel/Shane_Hmiel_0001.jpg Shane_Hmiel/Shane_Hmiel_0001.jpg Arnold_Palmer/Arnold_Palmer_0001.jpg
Monique_Garbrecht-Enfeldt/Monique_Garbrecht-Enfeldt_0003.jpg Monique_Garbrecht-Enfeldt/Monique_Garbrecht-Enfeldt_0003.jpg George_W_Bush/George_W_Bush_0159.jpg
Nicole_Parker/Nicole_Parker_0001.jpg Nicole_Parker/Nicole_Parker_0001.jpg Gregg_Popovich/Gregg_Popovich_0004.jpg
Buck_Rodgers/Buck_Rodgers_0001.jpg Buck_Rodgers/Buck_Rodgers_0001.jpg Eduardo_Chillida/Eduardo_Chillida_0001.jpg
Derian_Hatcher/Derian_Hatcher_0001.jpg Derian_Hatcher/Derian_Hatcher_0001.jpg Kenenisa_Bekele/Kenenisa_Bekele_0001.jpg
Wilbert_Elki_Meza_Majino/Wilbert_Elki_Meza_Majino_0001.jpg Wilbert_Elki_Meza_Majino/Wilbert_Elki_Meza_Majino_0001.jpg Jorge_Enrique_Jimenez/Jorge_Enrique_Jimenez_0001.jpg
Noelle_Bush/Noelle_Bush_0002.jpg Noelle_Bush/Noelle_Bush_0004.jpg Gunter_Pleuger/Gunter_Pleuger_0004.jpg
Fernando_Henrique_Cardoso/Fernando_Henrique_Cardoso_0003.jpg Fernando_Henrique_Cardoso/Fernando_Henrique_Cardoso_0001.jpg Anders_Fogh_Rasmussen/Anders_Fogh_Rasmussen_0004.jpg
S_Jayakumar/S_Jayakumar_0001.jpg S_Jayakumar/S_Jayakumar_0001.jpg Jacques_Chirac/Jacques_Chirac_0004.jpg
Martha_Stewart/Martha_Stewart_0003.jpg Martha_Stewart/Martha_Stewart_0003.jpg Lleyton_Hewitt/Lleyton_Hewitt_0008.jpg
Jennifer_Garner/Jennifer_Garner_0012.jpg Jennifer_Garner/Jennifer_Garner_0002.jpg Fred_Durst/Fred_Durst_0001.jpg
Leland_Chapman/Leland_Chapman_0002.jpg Leland_Chapman/Leland_Chapman_0002.jpg Jennifer_Capriati/Jennifer_Capriati_0016.jpg
Carolina_Kluft/Carolina_Kluft_0002.jpg Carolina_Kluft/Carolina_Kluft_0002.jpg Sophia_Loren/Sophia_Loren_0002.jpg
Colin_Powell/Colin_Powell_0051.jpg Colin_Powell/Colin_Powell_0165.jpg Spencer_Abraham/Spencer_Abraham_0015.jpg
Pervez_Musharraf/Pervez_Musharraf_0006.jpg Pervez_Musharraf/Pervez_Musharraf_0006.jpg Sylvester_Stallone/Sylvester_Stallone_0004.jpg
Alejandro_Toledo/Alejandro_Toledo_0020.jpg Alejandro_Toledo/Alejandro_Toledo_0006.jpg Kim_Clijsters/Kim_Clijsters_0010.jpg
Alejandro_Toledo/Alejandro_Toledo_0028.jpg Alejandro_Toledo/Alejandro_Toledo_0037.jpg Juan_Carlos_Ferrero/Juan_Carlos_Ferrero_0009.jpg
Jean-Francois_Pontal/Jean-Francois_Pontal_0002.jpg Jean-Francois_Pontal/Jean-Francois_Pontal_0001.jpg Christine_Todd_Whitman/Christine_Todd_Whitman_0005.jpg
Juan_Carlos_Ferrero/Juan_Carlos_Ferrero_0001.jpg Juan_Carlos_Ferrero/Juan_Carlos_Ferrero_0009.jpg Steve_Mariucci/Steve_Mariucci_0002.jpg
Christine_Ebersole/Christine_Ebersole_0002.jpg Christine_Ebersole/Christine_Ebersole_0002.jpg Jose_Maria_Aznar/Jose_Maria_Aznar_0011.jpg
Stanislas_Wawrinka/Stanislas_Wawrinka_0001.jpg Stanislas_Wawrinka/Stanislas_Wawrinka_0001.jpg Scott_Gorelick/Scott_Gorelick_0001.jpg
Juan_Pablo_Montoya/Juan_Pablo_Montoya_0006.jpg Juan_Pablo_Montoya/Juan_Pablo_Montoya_0008.jpg Guangdong_Ou_Guangyuan/Guangdong_Ou_Guangyuan_0001.jpg
Dave_Campo/Dave_Campo_0003.jpg Dave_Campo/Dave_Campo_0003.jpg Adam_Kennedy/Adam_Kennedy_0001.jpg
Adriana_Lima/Adriana_Lima_0001.jpg Adriana_Lima/Adriana_Lima_0001.jpg Jennifer_Garner/Jennifer_Garner_0005.jpg
Jason_Mewes/Jason_Mewes_0001.jpg Jason_Mewes/Jason_Mewes_0001.jpg Alan_Ball/Alan_Ball_0002.jpg
Anna_Kournikova/Anna_Kournikova_0007.jpg Anna_Kournikova/Anna_Kournikova_0012.jpg George_W_Bush/George_W_Bush_0049.jpg
Bill_Callahan/Bill_Callahan_0001.jpg Bill_Callahan/Bill_Callahan_0001.jpg John_Bolton/John_Bolton_0005.jpg
Jim_Leach/Jim_Leach_0001.jpg Jim_Leach/Jim_Leach_0001.jpg Tim_Henman/Tim_Henman_0015.jpg
Bob_Hope/Bob_Hope_0007.jpg Bob_Hope/Bob_Hope_0007.jpg Dominique_de_Villepin/Dominique_de_Villepin_0007.jpg
Veronica_Lake/Veronica_Lake_0001.jpg Veronica_Lake/Veronica_Lake_0001.jpg Vladimir_Putin/Vladimir_Putin_0032.jpg
Heather_Willson/Heather_Willson_0001.jpg Heather_Willson/Heather_Willson_0001.jpg Muhammad_Ali/Muhammad_Ali_0001.jpg
Marilyn_Monroe/Marilyn_Monroe_0002.jpg Marilyn_Monroe/Marilyn_Monroe_0002.jpg Carlos_Moya/Carlos_Moya_0019.jpg
Mike_Krzyzewski/Mike_Krzyzewski_0003.jpg Mike_Krzyzewski/Mike_Krzyzewski_0004.jpg Tim_Henman/Tim_Henman_0001.jpg
Dionyssis_Georgiadis/Dionyssis_Georgiadis_0001.jpg Dionyssis_Georgiadis/Dionyssis_Georgiadis_0001.jpg John_Mayer/John_Mayer_0001.jpg
Alejandro_Toledo/Alejandro_Toledo_0006.jpg Alejandro_Toledo/Alejandro_Toledo_0020.jpg Qusai_Hussein/Qusai_Hussein_0001.jpg
Howard_Smith/Howard_Smith_0002.jpg Howard_Smith/Howard_Smith_0002.jpg Jiri_Novak/Jiri_Novak_0001.jpg
Richard_Pennington/Richard_Pennington_0001.jpg Richard_Pennington/Richard_Pennington_0001.jpg George_W_Bush/George_W_Bush_0188.jpg
Jackie_Chan/Jackie_Chan_0012.jpg Jackie_Chan/Jackie_Chan_0012.jpg Mohamed_ElBaradei/Mohamed_ElBaradei_0001.jpg
Paul_Pierce/Paul_Pierce_0002.jpg Paul_Pierce/Paul_Pierce_0002.jpg Jennifer_Lopez/Jennifer_Lopez_0020.jpg
Nestor_Kirchner/Nestor_Kirchner_0021.jpg Nestor_Kirchner/Nestor_Kirchner_0034.jpg Adolfo_Aguilar_Zinser/Adolfo_Aguilar_Zinser_0003.jpg
Roh_Moo-hyun/Roh_Moo-hyun_0014.jpg Roh_Moo-hyun/Roh_Moo-hyun_0014.jpg Charlotte_Church/Charlotte_Church_0001.jpg
Hugo_Chavez/Hugo_Chavez_0047.jpg Hugo_Chavez/Hugo_Chavez_0031.jpg Jennifer_Capriati/Jennifer_Capriati_0020.jpg
Billy_Rork/Billy_Rork_0001.jpg Billy_Rork/Billy_Rork_0001.jpg William_Bulger/William_Bulger_0004.jpg
Corinne_Coman/Corinne_Coman_0002.jpg Corinne_Coman/Corinne_Coman_0002.jpg Joan_Laporta/Joan_Laporta_0003.jpg
Tyron_Garner/Tyron_Garner_0001.jpg Tyron_Garner/Tyron_Garner_0001.jpg Paula_Locke/Paula_Locke_0001.jpg
Hans_Blix/Hans_Blix_0036.jpg Hans_Blix/Hans_Blix_0007.jpg Trent_Lott/Trent_Lott_0002.jpg
Jean_Charest/Jean_Charest_0015.jpg Jean_Charest/Jean_Charest_0015.jpg Phil_Bredesen/Phil_Bredesen_0001.jpg
